{
  "mean_rmse": 3.1101682305336,
  "std_rmse": 0.9102283556123446
}