{
  "rmse": 1.2810471057891846,
  "mae": 0.9627879858016968,
  "r2": 0.8407332897186279,
  "ci_low": 1.1143432646989821,
  "ci_hi": 1.4411170572042464,
  "best_params": {
    "hidden": 365,
    "steps": 3,
    "lr": 0.00014227593591040351,
    "d_mp": 0.057463487630505086,
    "d_head": 0.16792556183049895
  },
  "torch_version": "2.6.0+rocm6.2.4",
  "cuda": null,
  "optuna": "4.3.0",
  "python": "3.10.16",
  "seeds": [
    42,
    7,
    13,
    21,
    99
  ],
  "search_space": {
    "hidden": [
      64,
      512
    ],
    "steps": [
      2,
      8
    ],
    "lr": [
      0.0001,
      0.003
    ],
    "d_mp": [
      0.0,
      0.1
    ],
    "d_head": [
      0.0,
      0.3
    ]
  },
  "n_trials": 40,
  "train_epochs": 40,
  "batch_size": 64,
  "target_unit": "kcal/mol",
  "csv_sha1": "78ebae46d184"
}